{
  "project_info": {
    "project_number": "468117358387",
    "firebase_url": "https://okcredit-6cb68.firebaseio.com",
    "project_id": "okcredit-6cb68",
    "storage_bucket": "okcredit-6cb68.appspot.com"
  },
  "client": [
    {
      "client_info": {
        "mobilesdk_app_id": "1:468117358387:android:288abe0f1c9f3c5d",
        "android_client_info": {
          "package_name": "in.okcredit.merchant"
        }
      },
      "oauth_client": [
        {
          "client_id": "468117358387-9qnmaq422gur6d9fn63gt2iddev3c0ad.apps.googleusercontent.com",
          "client_type": 1,
          "android_info": {
            "package_name": "in.okcredit.merchant",
            "certificate_hash": "2b70681d425871f8beb56d976a7d88fe4354e85f"
          }
        },
        {
          "client_id": "468117358387-qq3thj5tp8qrchulo1hlukrveqc94tr7.apps.googleusercontent.com",
          "client_type": 1,
          "android_info": {
            "package_name": "in.okcredit.merchant",
            "certificate_hash": "e690b27e2528ad810112197759ac3c2332494775"
          }
        },
        {
          "client_id": "468117358387-8h0d5clq50hgpqboe14p82h0f5q6msai.apps.googleusercontent.com",
          "client_type": 1,
          "android_info": {
            "package_name": "in.okcredit.merchant",
            "certificate_hash": "b98cd8d6bbacb723a6cca0170b8abb671b9bd483"
          }
        },
        {
          "client_id": "468117358387-i0rfdc20oefd51ppkpt74s4ajtl8vltr.apps.googleusercontent.com",
          "client_type": 3
        }
      ],
      "api_key": [
        {
          "current_key": "AIzaSyDikF-3rz5pl8G0Yp_cXXT3DZnlAv2uhhY"
        }
      ],
      "services": {
        "analytics_service": {
          "status": 1
        },
        "appinvite_service": {
          "status": 2,
          "other_platform_oauth_client": [
            {
              "client_id": "468117358387-0avcc299dp2hfi4ud9t320cmutd9r9gi.apps.googleusercontent.com",
              "client_type": 3
            }
          ]
        },
        "ads_service": {
          "status": 2
        }
      }
    },
    {
      "client_info": {
        "mobilesdk_app_id": "1:468117358387:android:8caaaaf41547ab06",
        "android_client_info": {
          "package_name": "in.okcredit.merchant.debug"
        }
      },
      "oauth_client": [
        {
          "client_id": "468117358387-mnuosdq8c15klkhvkas2tqq7uemkl9bj.apps.googleusercontent.com",
          "client_type": 1,
          "android_info": {
            "package_name": "in.okcredit.merchant.debug",
            "certificate_hash": "e690b27e2528ad810112197759ac3c2332494775"
          }
        },
        {
          "client_id": "468117358387-juavtcbkrf0ninkjmat3ltn3pudgscpv.apps.googleusercontent.com",
          "client_type": 1,
          "android_info": {
            "package_name": "in.okcredit.merchant.debug",
            "certificate_hash": "b98cd8d6bbacb723a6cca0170b8abb671b9bd483"
          }
        },
        {
          "client_id": "468117358387-i0rfdc20oefd51ppkpt74s4ajtl8vltr.apps.googleusercontent.com",
          "client_type": 3
        }
      ],
      "api_key": [
        {
          "current_key": "AIzaSyDikF-3rz5pl8G0Yp_cXXT3DZnlAv2uhhY"
        }
      ],
      "services": {
        "analytics_service": {
          "status": 1
        },
        "appinvite_service": {
          "status": 2,
          "other_platform_oauth_client": [
            {
              "client_id": "468117358387-0avcc299dp2hfi4ud9t320cmutd9r9gi.apps.googleusercontent.com",
              "client_type": 3
            }
          ]
        },
        "ads_service": {
          "status": 2
        }
      }
    },
    {
      "client_info": {
        "mobilesdk_app_id": "1:468117358387:android:ec407a62fb32bdd8",
        "android_client_info": {
          "package_name": "in.okcredit.merchant.qa"
        }
      },
      "oauth_client": [
        {
          "client_id": "468117358387-992v1ov8u3qg4nofvoeca382ok6lmv1o.apps.googleusercontent.com",
          "client_type": 1,
          "android_info": {
            "package_name": "in.okcredit.merchant.qa",
            "certificate_hash": "12bbfe517d47ea1d87d4806da37ab2b1b2d90a4e"
          }
        },
        {
          "client_id": "468117358387-i0rfdc20oefd51ppkpt74s4ajtl8vltr.apps.googleusercontent.com",
          "client_type": 3
        }
      ],
      "api_key": [
        {
          "current_key": "AIzaSyDikF-3rz5pl8G0Yp_cXXT3DZnlAv2uhhY"
        }
      ],
      "services": {
        "analytics_service": {
          "status": 1
        },
        "appinvite_service": {
          "status": 2,
          "other_platform_oauth_client": [
            {
              "client_id": "468117358387-0avcc299dp2hfi4ud9t320cmutd9r9gi.apps.googleusercontent.com",
              "client_type": 3
            }
          ]
        },
        "ads_service": {
          "status": 2
        }
      }
    }
  ],
  "configuration_version": "1"
}