{
  "formatVersion": 1,
  "database": {
    "version": 2,
    "identityHash": "9c69a48a80368fa85bee2ad1a149e758",
    "entities": [
      {
        "tableName": "Merchant",
        "createSql": "CREATE TABLE IF NOT EXISTS `${TABLE_NAME}` (`id` TEXT NOT NULL, `name` TEXT, `mobile` TEXT, `createdAt` INTEGER, PRIMARY KEY(`id`))",
        "fields": [
          {
            "fieldPath": "id",
            "columnName": "id",
            "affinity": "TEXT",
            "notNull": true
          },
          {
            "fieldPath": "name",
            "columnName": "name",
            "affinity": "TEXT",
            "notNull": false
          },
          {
            "fieldPath": "mobile",
            "columnName": "mobile",
            "affinity": "TEXT",
            "notNull": false
          },
          {
            "fieldPath": "createdAt",
            "columnName": "createdAt",
            "affinity": "INTEGER",
            "notNull": false
          }
        ],
        "primaryKey": {
          "columnNames": [
            "id"
          ],
          "autoGenerate": false
        },
        "indices": [],
        "foreignKeys": []
      },
      {
        "tableName": "MerchantPreference",
        "createSql": "CREATE TABLE IF NOT EXISTS `${TABLE_NAME}` (`merchantId` TEXT NOT NULL, `key` TEXT NOT NULL, `value` TEXT NOT NULL, PRIMARY KEY(`merchantId`, `key`))",
        "fields": [
          {
            "fieldPath": "merchantId",
            "columnName": "merchantId",
            "affinity": "TEXT",
            "notNull": true
          },
          {
            "fieldPath": "key",
            "columnName": "key",
            "affinity": "TEXT",
            "notNull": true
          },
          {
            "fieldPath": "value",
            "columnName": "value",
            "affinity": "TEXT",
            "notNull": true
          }
        ],
        "primaryKey": {
          "columnNames": [
            "merchantId",
            "key"
          ],
          "autoGenerate": false
        },
        "indices": [],
        "foreignKeys": []
      },
      {
        "tableName": "Customer",
        "createSql": "CREATE TABLE IF NOT EXISTS `${TABLE_NAME}` (`id` TEXT NOT NULL, `status` INTEGER NOT NULL, `mobile` TEXT, `description` TEXT, `createdAt` INTEGER, `balance` REAL NOT NULL, `transactionCount` INTEGER NOT NULL, `lastActivity` INTEGER, `lastPayment` INTEGER, `accountUrl` TEXT, `profileImage` TEXT, `address` TEXT, `email` TEXT, PRIMARY KEY(`id`))",
        "fields": [
          {
            "fieldPath": "id",
            "columnName": "id",
            "affinity": "TEXT",
            "notNull": true
          },
          {
            "fieldPath": "status",
            "columnName": "status",
            "affinity": "INTEGER",
            "notNull": true
          },
          {
            "fieldPath": "mobile",
            "columnName": "mobile",
            "affinity": "TEXT",
            "notNull": false
          },
          {
            "fieldPath": "description",
            "columnName": "description",
            "affinity": "TEXT",
            "notNull": false
          },
          {
            "fieldPath": "createdAt",
            "columnName": "createdAt",
            "affinity": "INTEGER",
            "notNull": false
          },
          {
            "fieldPath": "balance",
            "columnName": "balance",
            "affinity": "REAL",
            "notNull": true
          },
          {
            "fieldPath": "transactionCount",
            "columnName": "transactionCount",
            "affinity": "INTEGER",
            "notNull": true
          },
          {
            "fieldPath": "lastActivity",
            "columnName": "lastActivity",
            "affinity": "INTEGER",
            "notNull": false
          },
          {
            "fieldPath": "lastPayment",
            "columnName": "lastPayment",
            "affinity": "INTEGER",
            "notNull": false
          },
          {
            "fieldPath": "accountUrl",
            "columnName": "accountUrl",
            "affinity": "TEXT",
            "notNull": false
          },
          {
            "fieldPath": "profileImage",
            "columnName": "profileImage",
            "affinity": "TEXT",
            "notNull": false
          },
          {
            "fieldPath": "address",
            "columnName": "address",
            "affinity": "TEXT",
            "notNull": false
          },
          {
            "fieldPath": "email",
            "columnName": "email",
            "affinity": "TEXT",
            "notNull": false
          }
        ],
        "primaryKey": {
          "columnNames": [
            "id"
          ],
          "autoGenerate": false
        },
        "indices": [],
        "foreignKeys": []
      },
      {
        "tableName": "CustomerSync",
        "createSql": "CREATE TABLE IF NOT EXISTS `${TABLE_NAME}` (`customerId` TEXT NOT NULL, `lastSync` INTEGER, PRIMARY KEY(`customerId`))",
        "fields": [
          {
            "fieldPath": "customerId",
            "columnName": "customerId",
            "affinity": "TEXT",
            "notNull": true
          },
          {
            "fieldPath": "lastSync",
            "columnName": "lastSync",
            "affinity": "INTEGER",
            "notNull": false
          }
        ],
        "primaryKey": {
          "columnNames": [
            "customerId"
          ],
          "autoGenerate": false
        },
        "indices": [],
        "foreignKeys": []
      },
      {
        "tableName": "Transaction",
        "createSql": "CREATE TABLE IF NOT EXISTS `${TABLE_NAME}` (`id` TEXT NOT NULL, `type` INTEGER NOT NULL, `customerId` TEXT, `amount` REAL NOT NULL, `receiptUrl` TEXT, `note` TEXT, `createdAt` INTEGER, `isOnboarding` INTEGER NOT NULL, `isDeleted` INTEGER NOT NULL, `deleteTime` INTEGER, `isDirty` INTEGER NOT NULL, PRIMARY KEY(`id`))",
        "fields": [
          {
            "fieldPath": "id",
            "columnName": "id",
            "affinity": "TEXT",
            "notNull": true
          },
          {
            "fieldPath": "type",
            "columnName": "type",
            "affinity": "INTEGER",
            "notNull": true
          },
          {
            "fieldPath": "customerId",
            "columnName": "customerId",
            "affinity": "TEXT",
            "notNull": false
          },
          {
            "fieldPath": "amount",
            "columnName": "amount",
            "affinity": "REAL",
            "notNull": true
          },
          {
            "fieldPath": "receiptUrl",
            "columnName": "receiptUrl",
            "affinity": "TEXT",
            "notNull": false
          },
          {
            "fieldPath": "note",
            "columnName": "note",
            "affinity": "TEXT",
            "notNull": false
          },
          {
            "fieldPath": "createdAt",
            "columnName": "createdAt",
            "affinity": "INTEGER",
            "notNull": false
          },
          {
            "fieldPath": "isOnboarding",
            "columnName": "isOnboarding",
            "affinity": "INTEGER",
            "notNull": true
          },
          {
            "fieldPath": "isDeleted",
            "columnName": "isDeleted",
            "affinity": "INTEGER",
            "notNull": true
          },
          {
            "fieldPath": "deleteTime",
            "columnName": "deleteTime",
            "affinity": "INTEGER",
            "notNull": false
          },
          {
            "fieldPath": "isDirty",
            "columnName": "isDirty",
            "affinity": "INTEGER",
            "notNull": true
          }
        ],
        "primaryKey": {
          "columnNames": [
            "id"
          ],
          "autoGenerate": false
        },
        "indices": [],
        "foreignKeys": []
      }
    ],
    "setupQueries": [
      "CREATE TABLE IF NOT EXISTS room_master_table (id INTEGER PRIMARY KEY,identity_hash TEXT)",
      "INSERT OR REPLACE INTO room_master_table (id,identity_hash) VALUES(42, \"9c69a48a80368fa85bee2ad1a149e758\")"
    ]
  }
}