{
  "formatVersion": 1,
  "database": {
    "version": 1,
    "identityHash": "7bf31131f01eb1f78d39f6ce8b6609a6",
    "entities": [
      {
        "tableName": "ContactEntity",
        "createSql": "CREATE TABLE IF NOT EXISTS `${TABLE_NAME}` (`id` TEXT NOT NULL, `phonebookId` TEXT, `name` TEXT, `mobile` TEXT, `picUri` TEXT, PRIMARY KEY(`id`))",
        "fields": [
          {
            "fieldPath": "id",
            "columnName": "id",
            "affinity": "TEXT",
            "notNull": true
          },
          {
            "fieldPath": "phonebookId",
            "columnName": "phonebookId",
            "affinity": "TEXT",
            "notNull": false
          },
          {
            "fieldPath": "name",
            "columnName": "name",
            "affinity": "TEXT",
            "notNull": false
          },
          {
            "fieldPath": "mobile",
            "columnName": "mobile",
            "affinity": "TEXT",
            "notNull": false
          },
          {
            "fieldPath": "picUri",
            "columnName": "picUri",
            "affinity": "TEXT",
            "notNull": false
          }
        ],
        "primaryKey": {
          "columnNames": [
            "id"
          ],
          "autoGenerate": false
        },
        "indices": [],
        "foreignKeys": []
      }
    ],
    "setupQueries": [
      "CREATE TABLE IF NOT EXISTS room_master_table (id INTEGER PRIMARY KEY,identity_hash TEXT)",
      "INSERT OR REPLACE INTO room_master_table (id,identity_hash) VALUES(42, \"7bf31131f01eb1f78d39f6ce8b6609a6\")"
    ]
  }
}