{
  "formatVersion": 1,
  "database": {
    "version": 1,
    "identityHash": "c0900f55cddea238534cf2630231e5d2",
    "entities": [
      {
        "tableName": "CustomerAuthEntity",
        "createSql": "CREATE TABLE IF NOT EXISTS `${TABLE_NAME}` (`customerId` TEXT NOT NULL, `requestId` TEXT, `mobile` TEXT, `currentMobile` TEXT, `createdAt` INTEGER, `expiryAt` INTEGER, PRIMARY KEY(`customerId`))",
        "fields": [
          {
            "fieldPath": "customerId",
            "columnName": "customerId",
            "affinity": "TEXT",
            "notNull": true
          },
          {
            "fieldPath": "requestId",
            "columnName": "requestId",
            "affinity": "TEXT",
            "notNull": false
          },
          {
            "fieldPath": "mobile",
            "columnName": "mobile",
            "affinity": "TEXT",
            "notNull": false
          },
          {
            "fieldPath": "currentMobile",
            "columnName": "currentMobile",
            "affinity": "TEXT",
            "notNull": false
          },
          {
            "fieldPath": "createdAt",
            "columnName": "createdAt",
            "affinity": "INTEGER",
            "notNull": false
          },
          {
            "fieldPath": "expiryAt",
            "columnName": "expiryAt",
            "affinity": "INTEGER",
            "notNull": false
          }
        ],
        "primaryKey": {
          "columnNames": [
            "customerId"
          ],
          "autoGenerate": false
        },
        "indices": [],
        "foreignKeys": []
      }
    ],
    "setupQueries": [
      "CREATE TABLE IF NOT EXISTS room_master_table (id INTEGER PRIMARY KEY,identity_hash TEXT)",
      "INSERT OR REPLACE INTO room_master_table (id,identity_hash) VALUES(42, \"c0900f55cddea238534cf2630231e5d2\")"
    ]
  }
}