{
  "formatVersion": 1,
  "database": {
    "version": 1,
    "identityHash": "7f845d2a6e654f88d7323d32ccbd84d7",
    "entities": [
      {
        "tableName": "IdentityMapping",
        "createSql": "CREATE TABLE IF NOT EXISTS `${TABLE_NAME}` (`type` INTEGER NOT NULL, `localId` TEXT NOT NULL, `serverId` TEXT NOT NULL, PRIMARY KEY(`type`, `localId`))",
        "fields": [
          {
            "fieldPath": "type",
            "columnName": "type",
            "affinity": "INTEGER",
            "notNull": true
          },
          {
            "fieldPath": "localId",
            "columnName": "localId",
            "affinity": "TEXT",
            "notNull": true
          },
          {
            "fieldPath": "serverId",
            "columnName": "serverId",
            "affinity": "TEXT",
            "notNull": true
          }
        ],
        "primaryKey": {
          "columnNames": [
            "type",
            "localId"
          ],
          "autoGenerate": false
        },
        "indices": [],
        "foreignKeys": []
      }
    ],
    "setupQueries": [
      "CREATE TABLE IF NOT EXISTS room_master_table (id INTEGER PRIMARY KEY,identity_hash TEXT)",
      "INSERT OR REPLACE INTO room_master_table (id,identity_hash) VALUES(42, \"7f845d2a6e654f88d7323d32ccbd84d7\")"
    ]
  }
}